"var_id","code","original_1","original_2","original_3","code_description","shortname"
"line_1",4,2,NA,NA,"One solo singer, whether or not accompanied by instruments.","SoloSinger"
"line_1",512,9,NA,NA,"Two groups of two or more singers interact as described for 7, above. The same rules for double coding apply.","GroupGroup"
"line_1",4096,12,NA,NA,"Two or more groups overlap as in 10. In those rare cases where the groups are radically different in size (for example, two singers versus 20), 12 is still coded, even though the smaller group may give the impression of leading the larger.","GroupGroupOverlapAlternation"
"line_1",8,3,NA,NA,"One singer with an audience whose dancing, shouting, etc. can be heard. In practice we omitted this point and coded all solos .","SoloSingerAudience"
"line_1",128,7,NA,NA,"A diffuse, individualized group performance is rhythmically and/or melodically diffuse, such that in extreme cases the singers do not seem to be aware of one another at all.","DiffuseGroup"
"line_1",256,8,NA,NA,"Situations in which there is alternation between a solo voice and a chorus with a perceptible, if sometimes very slight, pause between the two parts.","LeaderGroup"
"line_1",64,6,NA,NA,"No predominant lead voice is steadily heard over the social unison. Sometimes a leader can be heard briefly above the group at beginnings of sections, but as soon as the group joins in, the leader’s voice is submerged.","SocialUnisonPredominantGroup"
"line_1",9216,13,10,NA,"Interlock and leader group overlap","InterlockAndLeaderGroupOverlap"
"line_1",16,4,NA,NA,"Two or more singers alternate in singing a melody, or split the melody between them in some way. Only one singer is heard at a time.","SoloSingerConsecutive"
"line_1",192,7,6,NA,"Diffuse group and social unison predominant group","DiffuseGroupAndSocialUnisonPredominantGroup"
"line_1",2048,11,NA,NA,"This is the same as 10, except that the group predominates rather than the leader. Although it may sometimes support the leader, the group is very active, and sings more than half of the time.","GroupLeaderOverlapAlternation"
"line_1",32,5,NA,NA,"A single predominant voice—a leader— stands out above the general effect of social unison. The leader’s voice is usually louder and more forceful than the others. Sometimes the leader imitates phrases or other parts of the melody. Sometimes the leader seems to spur the group on. In general, a predominant part is louder, more elaborate, more active, or longer than the others.","UnisonPredominantLeader"
"line_1",1024,10,NA,NA,"A more integrated alternation of leader and chorus, whose parts overlap so that one begins before the other ends. In extreme cases the chorus may also be heard backing the leader during his or her own part. However, the leader is still predominant; his or her part is longer than that of the group and often more elaborate. The group’s activity supports and contrasts with the leader’s part.","LeaderGroupOverlap"
"line_1",8192,13,NA,NA,"A group in which several voices overlap in a rhythmically coordinated relationship. Often there is no clear leading part; all seem about equally important. Although some singers may be duplicating another part at the octave or in unison, the general impression is of a group of individuals, each with his or her own part, interacting in such a way as to create a homogeneous texture.","Interlock"
"line_1",14336,13,12,11,"Interlock and group group overlap alternation and group leader overlap alternation","InterlockAndGroupGroupOverlapAlternationAndGroupLeaderOverlapAlternation"
"line_1",5120,12,10,NA,"Group group overlap alternation and leader group overlap","GroupGroupOverlapAlternationAndLeaderGroupOverlap"
"line_1",1280,10,8,NA,"Leader group overlap and leader group","LeaderGroupOverlapAndLeaderGroup"
"line_1",10240,13,11,NA,"Interlock and group leader overlap alternation","InterlockAndGroupLeaderOverlapAlternation"
"line_1",8448,13,8,NA,"Interlock and leader group","InterlockAndLeaderGroup"
"line_1",12288,13,12,NA,"Interlock and group group overlap alternation","InterlockAndGroupGroupOverlapAlternation"
"line_1",768,9,8,NA,"Group group and leader group","GroupGroupAndLeaderGroup"
"line_1",80,6,4,NA,"Social unison predominant group and solo singer consecutive","SocialUnisonPredominantGroupAndSoloSingerConsecutive"
"line_1",2,1,NA,NA,"No singers","NoSinger"
"line_1",144,7,4,NA,"Diffuse group and solo singer consecutive","DiffuseGroupAndSoloSingerConsecutive"
"line_1",160,7,5,NA,"Diffuse group and unison predominant leader","DiffuseGroupAndUnisonPredominantLeader"
"line_1",1152,10,7,NA,"Leader group overlap and diffuse group","LeaderGroupOverlapAndDiffuseGroup"
"line_1",48,5,4,NA,"Unison predominant leader and solo singer consecutive","UnisonPredominantLeaderAndSoloSingerConsecutive"
"line_1",2304,11,8,NA,"Group leader overlap alternation and leader group","GroupLeaderOverlapAlternationAndLeaderGroup"
"line_1",96,6,5,NA,"Social unison predominant group and unison predominant leader","SocialUnisonPredominantGroupAndUnisonPredominantLeader"
"line_1",1792,10,9,8,"Leader group overlap and group group and leader group","LeaderGroupOverlapAndGroupGroupAndLeaderGroup"
"line_1",4608,12,9,NA,"Group group overlap alternation and group group","GroupGroupOverlapAlternationAndGroupGroup"
"line_1",4864,12,9,8,"Group group overlap alternation and group group and leader group","GroupGroupOverlapAlternationAndGroupGroupAndLeaderGroup"
"line_1",6144,12,11,NA,"Group group overlap alternation and group leader overlap alternation","GroupGroupOverlapAlternationAndGroupLeaderOverlapAlternation"
"line_1",4352,12,8,NA,"Group group overlap alternation and leader group","GroupGroupOverlapAlternationAndLeaderGroup"
"line_1",1536,10,9,NA,"Leader group overlap and group group","LeaderGroupOverlapAndGroupGroup"
"line_1",68,6,2,NA,"Social unison predominant group and solo singer","SocialUnisonPredominantGroupAndSoloSinger"
"line_1",2560,11,9,NA,"Group leader overlap alternation and group group","GroupLeaderOverlapAlternationAndGroupGroup"
"line_1",8320,13,7,NA,"Interlock and diffuse group","InterlockAndDiffuseGroup"
"line_1",12544,13,12,8,"Interlock and group group overlap alternation and leader group","InterlockAndGroupGroupOverlapAlternationAndLeaderGroup"
"line_1",20,4,2,NA,"Solo singer consecutive and solo singer","SoloSingerConsecutiveAndSoloSinger"
"line_1",132,7,2,NA,"Diffuse group and solo singer","DiffuseGroupAndSoloSinger"
"line_1",12800,13,12,9,"Interlock and group group overlap alternation and group group","InterlockAndGroupGroupOverlapAlternationAndGroupGroup"
"line_1",13312,13,12,10,"Interlock and group group overlap alternation and leader group overlap","InterlockAndGroupGroupOverlapAlternationAndLeaderGroupOverlap"
"line_1",208,7,6,4,"Diffuse group and social unison predominant group and solo singer consecutive","DiffuseGroupAndSocialUnisonPredominantGroupAndSoloSingerConsecutive"
"line_1",36,5,2,NA,"Unison predominant leader and solo singer","UnisonPredominantLeaderAndSoloSinger"
"line_1",0,0,NA,NA,"No Reading","No Reading"
"line_1",3072,11,10,NA,"Group leader overlap alternation and leader group overlap","GroupLeaderOverlapAlternationAndLeaderGroupOverlap"
"line_1",34,5,1,NA,"Unison predominant leader and no singer","UnisonPredominantLeaderAndNoSinger"
"line_1",8704,13,9,NA,"Interlock and group group","InterlockAndGroupGroup"
"line_1",196,7,6,2,"Diffuse group and social unison predominant group and solo singer","DiffuseGroupAndSocialUnisonPredominantGroupAndSoloSinger"
"line_1",2112,11,6,NA,"Group leader overlap alternation and social unison predominant group","GroupLeaderOverlapAlternationAndSocialUnisonPredominantGroup"
"line_1",1040,10,4,NA,"Leader group overlap and solo singer consecutive","LeaderGroupOverlapAndSoloSingerConsecutive"
"line_1",272,8,4,NA,"Leader group and solo singer consecutive","LeaderGroupAndSoloSingerConsecutive"
"line_1",8208,13,4,NA,"Interlock and solo singer consecutive","InterlockAndSoloSingerConsecutive"
"line_1",8256,13,6,NA,"Interlock and social unison predominant group","InterlockAndSocialUnisonPredominantGroup"
"line_1",9728,13,10,9,"Interlock and leader group overlap and group group","InterlockAndLeaderGroupOverlapAndGroupGroup"
"line_1",8336,13,7,4,"Interlock and diffuse group and solo singer consecutive","InterlockAndDiffuseGroupAndSoloSingerConsecutive"
"line_1",8196,13,2,NA,"Interlock and solo singer","InterlockAndSoloSinger"
"line_1",1028,10,2,NA,"Leader group overlap and solo singer","LeaderGroupOverlapAndSoloSinger"
"line_1",288,8,5,NA,"Leader group and unison predominant leader","LeaderGroupAndUnisonPredominantLeader"
"line_1",8224,13,5,NA,"Interlock and unison predominant leader","InterlockAndUnisonPredominantLeader"
"line_1",8464,13,8,4,"Interlock and leader group and solo singer consecutive","InterlockAndLeaderGroupAndSoloSingerConsecutive"
"line_1",320,8,6,NA,"Leader group and social unison predominant group","LeaderGroupAndSocialUnisonPredominantGroup"
"line_1",576,9,6,NA,"Group group and social unison predominant group","GroupGroupAndSocialUnisonPredominantGroup"
"line_2",512,9,NA,NA,"A large orchestra (4+ players) that seems unrelated or only casually related to the vocal part. ","LargeOrchestraUnrelatedVocal"
"line_2",2,1,NA,NA,"No accompaniment.","NonOccurence"
"line_2",8,3,NA,NA,"A large orchestra (4+ players) in the same relationship as 2.","LargeOrchestra"
"line_2",4096,12,NA,NA,"A small orchestra (1-3 players) in complementary relationship to singer(s). The instruments are basically coordinated with and subordinate to the vocal part, but provide more than a mere background for the voices, as in 2 (small orch) and 3 (large orch). ","SmallOrchestraRelatedVocal"
"line_2",256,8,NA,NA,"A small orchestra (1-3 players) that seems unrelated or only casually related to the vocal part. The effect resembles that described under 7 (ind. group) on Line 1, and is the result, usually, of some absence of rhythmic coordination between instruments and voices.","SmallOrchestraUnrelatedVocal"
"line_2",4,2,NA,NA,"A small orchestra (1-3 players) accompanying the vocal part and subordinate to it. One or more of the instruments may perform the melody.","SmallOrchestra"
"line_2",32,5,NA,NA,"A large or small orchestra predominant over the sung part. The orchestra’s part takes up more time and/or is considerably louder than the sung part.","OrchestraOverSong"
"line_2",64,6,NA,NA,"The orchestra (large or small) plays interludes between passages. It is never heard simultaneously with the vocal part.","OrchestraBetweenInterludes"
"line_2",8192,13,NA,NA,"A large orchestra (4+ players) in complementary relationship to singer(s). ","LargeOrchestraRelatedVocal"
"line_2",68,6,2,NA,"Orchestra between interludes and small orchestra","OrchestraBetweenInterludesAndSmallOrchestra"
"line_2",4352,12,8,NA,"Small orchestra related vocal and small orchestra unrelated vocal","SmallOrchestraRelatedVocalAndSmallOrchestraUnrelatedVocal"
"line_2",8448,13,8,NA,"Large orchestra related vocal and small orchestra unrelated vocal","LargeOrchestraRelatedVocalAndSmallOrchestraUnrelatedVocal"
"line_2",8704,13,9,NA,"Large orchestra related vocal and large orchestra unrelated vocal","LargeOrchestraRelatedVocalAndLargeOrchestraUnrelatedVocal"
"line_2",96,6,5,NA,"Orchestra between interludes and orchestra over song","OrchestraBetweenInterludesAndOrchestraOverSong"
"line_2",0,0,NA,NA,"No Reading","No Reading"
"line_2",6,2,1,NA,"Small orchestra and non occurence","SmallOrchestraAndNonOccurence"
"line_2",10,3,1,NA,"Large orchestra and non occurence","LargeOrchestraAndNonOccurence"
"line_2",72,6,3,NA,"Orchestra between interludes and large orchestra","OrchestraBetweenInterludesAndLargeOrchestra"
"line_2",4100,12,2,NA,"Small orchestra related vocal and small orchestra","SmallOrchestraRelatedVocalAndSmallOrchestra"
"line_2",8256,13,6,NA,"Large orchestra related vocal and orchestra between interludes","LargeOrchestraRelatedVocalAndOrchestraBetweenInterludes"
"line_3",64,6,NA,NA,"Social unison with no predominant instrument. Unison performances in which no single instrument takes the lead, and performances in which there is a simple accompanying relationship between the leading instrument and the other instrument(s).","SocialUnisonNoPredominantInstrument"
"line_3",2,1,NA,NA,"Non-occurrence. No instruments.","NonOccurence"
"line_3",4096,12,NA,NA,"Overlapping alternation: group-leader. Alternation between a single instrument and a group with no one instrument in the foreground more often than the others.","GroupLeaderOverlapAlternation"
"line_3",4,2,NA,NA,"One solo instrument. An accompaniment or a solo on one instrument.","SoloInstrument"
"line_3",256,8,NA,NA,"Diffuse/individualized relationship, group predominant. Similar to 7 (ind./var. group) in Line 1, but applied to the relationships among the instruments of the orchestra. Either the leader is subordinate to the group or leadership shifts from one instrument to another.","DiffuseGroupPredominant"
"line_3",32,5,NA,NA,"Social unison with leader predominant. Other instruments are subordinate to the leader, playing the same tune in the same way or in simple accompanying parts.","UnisonPredominantLeader"
"line_3",128,7,NA,NA,"Diffuse/individualized relationship, leader predominant. Similar to 7 (ind./var. group) in Line 1, but applied to the relationships among the instruments of the orchestra. Single lead instrument is predominant.","DiffuseLeaderPredominant"
"line_3",8192,13,NA,NA,"Overlapping alternation: group-group. The orchestra is divided into two or more groups, each of which acts as a unit, with significant overlap between them, or in an interlocking relationship, as described in Line 1 (13).","GroupGroupOverlapAlternation"
"line_3",2048,11,NA,NA,"Overlapping alternation: leader-group. Alternation between a single instrument and a group, but with overlap (see 10, Line 1 overlap: ldr-grp).","LeaderGroupOverlapAlternation"
"line_3",16,4,NA,NA,"Series of solos. One instrumental solo after another.","SoloSeries"
"line_3",512,9,NA,NA,"Simple alternation: leader-group. A simple antiphonal relationship between a single lead instrument and an orchestra (see 8 Line 1 alt. ldr-grp).","LeaderGroupAlternation"
"line_3",144,7,4,NA,"Diffuse leader predominant and solo series","DiffuseLeaderPredominantAndSoloSeries"
"line_3",4352,12,8,NA,"Group leader overlap alternation and diffuse group predominant","GroupLeaderOverlapAlternationAndDiffuseGroupPredominant"
"line_3",10240,13,11,NA,"Group group overlap alternation and leader group overlap alternation","GroupGroupOverlapAlternationAndLeaderGroupOverlapAlternation"
"line_3",36,5,2,NA,"Unison predominant leader and solo instrument","UnisonPredominantLeaderAndSoloInstrument"
"line_3",80,6,4,NA,"Social unison no predominant instrument and solo series","SocialUnisonNoPredominantInstrumentAndSoloSeries"
"line_3",1024,10,NA,NA," Simple alternation: group-group. An orchestra divided into two or more parts with an antiphonal relationship between them.","GroupGroupAlternation"
"line_3",48,5,4,NA,"Unison predominant leader and solo series","UnisonPredominantLeaderAndSoloSeries"
"line_3",160,7,5,NA,"Diffuse leader predominant and unison predominant leader","DiffuseLeaderPredominantAndUnisonPredominantLeader"
"line_3",192,7,6,NA,"Diffuse leader predominant and social unison no predominant instrument","DiffuseLeaderPredominantAndSocialUnisonNoPredominantInstrument"
"line_3",9216,13,10,NA,"Group group overlap alternation and group group alternation","GroupGroupOverlapAlternationAndGroupGroupAlternation"
"line_3",5120,12,10,NA,"Group leader overlap alternation and group group alternation","GroupLeaderOverlapAlternationAndGroupGroupAlternation"
"line_3",0,0,NA,NA,"No Reading","No Reading"
"line_3",3072,11,10,NA,"Leader group overlap alternation and group group alternation","LeaderGroupOverlapAlternationAndGroupGroupAlternation"
"line_3",68,6,2,NA,"Social unison no predominant instrument and solo instrument","SocialUnisonNoPredominantInstrumentAndSoloInstrument"
"line_3",6,2,1,NA,"Solo instrument and non occurence","SoloInstrumentAndNonOccurence"
"line_3",1536,10,9,NA,"Group group alternation and leader group alternation","GroupGroupAlternationAndLeaderGroupAlternation"
"line_3",132,7,2,NA,"Diffuse leader predominant and solo instrument","DiffuseLeaderPredominantAndSoloInstrument"
"line_3",8448,13,8,NA,"Group group overlap alternation and diffuse group predominant","GroupGroupOverlapAlternationAndDiffuseGroupPredominant"
"line_3",2304,11,8,NA,"Leader group overlap alternation and diffuse group predominant","LeaderGroupOverlapAlternationAndDiffuseGroupPredominant"
"line_3",12288,13,12,NA,"Group group overlap alternation and group leader overlap alternation","GroupGroupOverlapAlternationAndGroupLeaderOverlapAlternation"
"line_3",66,6,1,NA,"Social unison no predominant instrument and non occurence","SocialUnisonNoPredominantInstrumentAndNonOccurence"
"line_4",16,4,NA,NA,"Monophony. Only one voice is heard at a time.","Monophony"
"line_4",128,7,NA,NA,"Unison. Two or more voices singing at the same melody in unison or octaves, and conforming to the same rhythmic pattern.","Unison"
"line_4",9216,13,10,NA,"Polyphony and heterophony","PolyphonyAndHeterophony"
"line_4",1024,10,NA,NA,"Heterophony. Each voice sings the same melody in a slightly different manner. The variation is usually rhythmic, with some voices trailing behind, others pushing forward, or with some voices more rhythmically active than others.","Heterophony"
"line_4",8192,13,NA,NA,"Polyphony. The use of simultaneously produced intervals other than unison or the octave. (Line 22 gives six categories of polyphony.) Two-part intervals of this kind are considered polyphony, as well as harmonies of greater complexity. ","Polyphony"
"line_4",2,1,NA,NA,"Two or more singers who are totally unrelated musically. Each singer has their own part and goes their own way, although they sing simultaneously.","Unrelated"
"line_4",8320,13,7,NA,"Polyphony and unison","PolyphonyAndUnison"
"line_4",144,7,4,NA,"Unison and monophony","UnisonAndMonophony"
"line_4",18,4,1,NA,"Monophony and unrelated","MonophonyAndUnrelated"
"line_4",8208,13,4,NA,"Polyphony and monophony","PolyphonyAndMonophony"
"line_4",0,0,NA,NA,"No Reading","No Reading"
"line_4",130,7,1,NA,"Unison and unrelated","UnisonAndUnrelated"
"line_4",1152,10,7,NA,"Heterophony and unison","HeterophonyAndUnison"
"line_5",2,1,NA,NA,"Solo","Solo"
"line_5",16,4,NA,NA,"Minimal Blend (Very individualized). Singers do not attempt to match one another in tone. Individual voices stand out, and the effect can be strident or tumultuous, often producing a rich and interesting texture.","MinimalBlend"
"line_5",128,7,NA,NA,"Medium Blend (Rather individualized). Some tonal matching occurs, but individual voices may still be heard.","MediumBlend"
"line_5",1024,10,NA,NA,"Significant Blend (Unified blend). The group sounds resonant as a whole, with some stridence.","SignificantBlend"
"line_5",8192,13,NA,NA," Maximal blend. The singers match one another’s tone in such a way as to present the effect of a single tone quality. Any stridency is the result of harmonic dissonance rather than blend. The total effect is highly resonant, clear, and unified.","MaximalBlend"
"line_5",144,7,4,NA,"Medium blend and minimal blend","MediumBlendAndMinimalBlend"
"line_5",0,0,NA,NA,"No Reading","No Reading"
"line_5",130,7,1,NA,"Medium blend and solo","MediumBlendAndSolo"
"line_5",9216,13,10,NA,"Maximal blend and significant blend","MaximalBlendAndSignificantBlend"
"line_5",18,4,1,NA,"Minimal blend and solo","MinimalBlendAndSolo"
"line_6",2,1,NA,NA,"Solo","Solo"
"line_6",128,7,NA,NA,"Moderate rhythmic coordination. Some degree of rhythmic coordination, still considerably individualized.","ModerateCoordination"
"line_6",8192,13,NA,NA,"Maximal rhythmic coordination. Precise coordination at every rhythmic level.","MaximalCoordination"
"line_6",16,4,NA,NA,"Minimal rhythmic coordination. An individualized, rhythmically asynchronous performance.","MinimalCoordination"
"line_6",1024,10,NA,NA,"Unified rhythmic coordination. Attacks and releases are generally coordinated but not precisely so.","UnifiedCoordination"
"line_6",18,4,1,NA,"Minimal coordination and solo","MinimalCoordinationAndSolo"
"line_6",9216,13,10,NA,"Maximal coordination and unified coordination","MaximalCoordinationAndUnifiedCoordination"
"line_6",144,7,4,NA,"Moderate coordination and minimal coordination","ModerateCoordinationAndMinimalCoordination"
"line_6",1152,10,7,NA,"Unified coordination and moderate coordination","UnifiedCoordinationAndModerateCoordination"
"line_6",130,7,1,NA,"Moderate coordination and solo","ModerateCoordinationAndSolo"
"line_6",0,0,NA,NA,"No Reading","No Reading"
"line_6",8194,13,1,NA,"Maximal coordination and solo","MaximalCoordinationAndSolo"
"line_6",8208,13,4,NA,"Maximal coordination and minimal coordination","MaximalCoordinationAndMinimalCoordination"
"line_6",8320,13,7,NA,"Maximal coordination and moderate coordination","MaximalCoordinationAndModerateCoordination"
"line_7",9216,13,10,NA,"Polyphony polyrhythm and heterophony","PolyphonyPolyrhythmAndHeterophony"
"line_7",2,1,NA,NA,"Non-occurrence. No instruments or Two or more instruments perceived to be totally asynchronous.","NonOccurence"
"line_7",8192,13,NA,NA,"Polyphony or polyrhythm. The use of simultaneously produced intervals other than unison or the octave. Two-part intervals of this kind are considered polyphony, as well as harmonies of greater complexity. ","PolyphonyPolyrhythm"
"line_7",16,4,NA,NA,"Monophony. One instrument playing one note at a time, or in octaves.","Monophony"
"line_7",128,7,NA,NA,"Unison. A group of instruments playing the same melody in unison or in octaves, an instrumental solo with simple percussion accompaniment—drum, rattle, sticks, clapping, etc., or any untuned percussion ensemble unless playing in polyrhythm, in which case, code 13 (Polyrhythm) (see Point 5).
","Unison"
"line_7",1024,10,NA,NA,"Heterophony. Each instrument plays the same melody in a slightly different manner. The variation is usually rhythmic, with some instruments trailing behind, others pushing forward; or with some instruments more rhythmically active than others.","Heterophony"
"line_7",4,2,NA,NA,"Description Not Found","Shortname Not Found"
"line_7",144,7,4,NA,"Unison and monophony","UnisonAndMonophony"
"line_7",0,0,NA,NA,"No Reading","No Reading"
"line_7",18,4,1,NA,"Monophony and non occurence","MonophonyAndNonOccurence"
"line_7",130,7,1,NA,"Unison and non occurence","UnisonAndNonOccurence"
"line_8",8192,13,NA,NA,"Maximal blend. Total effect is highly sonorous.","MaximalBlend"
"line_8",2,1,NA,NA,"Non-occurrence. No group. Only one instrument in the ensemble, or no instruments at all.","NonOccurence"
"line_8",1024,10,NA,NA,"Significant Blend.","SignificantBlend"
"line_8",16,4,NA,NA,"Minimal blend. Little or no overall sonority. Instruments contrast in tone quality and do not reinforce one another at all.","MinimalBlend"
"line_8",128,7,NA,NA,"Medium blend.","MediumBlend"
"line_8",0,0,NA,NA,"No Reading","No Reading"
"line_8",18,4,1,NA,"Minimal blend and non occurence","MinimalBlendAndNonOccurence"
"line_8",130,7,1,NA,"Medium blend and non occurence","MediumBlendAndNonOccurence"
"line_9",1024,10,NA,NA,"Unified rhythmic coordination. There is clear-cut coordination of attack and release on the beat.","UnifiedCoordination"
"line_9",2,1,NA,NA,"Non-occurrence. No instruments, or no ensemble—one instrument only.","NonOccurence"
"line_9",8192,13,NA,NA,"Maximal or highly unified rhythmic coordination. The orchestra is tightly linked together rhythmically.","MaximalCoordination"
"line_9",128,7,NA,NA,"Moderate rhythmic coordination. A group that plays together on the beat, or follows the same rhythmic pattern or patterns, in a cohesive fashion.","ModerateCoordination"
"line_9",16,4,NA,NA,"Minimal rhythmic coordination. The members of a group share a rhythmic pattern that is so individualized that the effect is extremely asynchronous.","MinimalCoordination"
"line_9",0,0,NA,NA,"No Reading","No Reading"
"line_9",130,7,1,NA,"Moderate coordination and non occurence","ModerateCoordinationAndNonOccurence"
"line_10",2,1,NA,NA,"Little or no repetition—wordy. A continuous stream of dissimilar sung syllables, words, and phrases, with little or no repetition or use of non-lexical utterances. In such songs—epics, ballads, songs of prayer and supplication, and much of Western and Eurasian song—text is of paramount importance.","LittleRepetition"
"line_10",16,4,NA,NA,"Some repetition. Some repetition and/or the use of non-lexical utterances—about one fourth repeated text.","SomeRepetition"
"line_10",128,7,NA,NA,"Half repetition. A substantial amount of repetition and/or non-lexical utterances that more or less equals the flow of unrepeated words.","HalfRepetition"
"line_10",9216,13,10,NA,"Extreme repetition and quite repetitious","ExtremeRepetitionAndQuiteRepetitious"
"line_10",8192,13,NA,NA," Extreme repetition. The text seems to be almost entirely composed of repetition of some kind and/or non-lexical utterances.","ExtremeRepetition"
"line_10",1024,10,NA,NA,"Quite repetitious. Considerably more than half (about two-thirds) of the sung performance is accounted for by repetition and/or non-lexical utterances.","QuiteRepetitious"
"line_10",130,7,1,NA,"Half repetition and little repetition","HalfRepetitionAndLittleRepetition"
"line_10",144,7,4,NA,"Half repetition and some repetition","HalfRepetitionAndSomeRepetition"
"line_10",18,4,1,NA,"Some repetition and little repetition","SomeRepetitionAndLittleRepetition"
"line_10",0,0,NA,NA,"No Reading","No Reading"
"line_10",1026,10,1,NA,"Quite repetitious and little repetition","QuiteRepetitiousAndLittleRepetition"
"line_10",8208,13,4,NA,"Extreme repetition and some repetition","ExtremeRepetitionAndSomeRepetition"
"line_10",8320,13,7,NA,"Extreme repetition and half repetition","ExtremeRepetitionAndHalfRepetition"
"line_10",8194,13,1,NA,"Extreme repetition and little repetition","ExtremeRepetitionAndLittleRepetition"
"line_10",1152,10,7,NA,"Quite repetitious and half repetition","QuiteRepetitiousAndHalfRepetition"
"line_10",1040,10,4,NA,"Quite repetitious and some repetition","QuiteRepetitiousAndSomeRepetition"
"line_11",64,6,NA,NA,"Simple meter. One simple meter—duple, triple, “simple,” or compound—runs through the whole song.","SimpleMeter"
"line_11",8192,13,NA,NA,"Parlando rubato. Free rhythm, in which no regularly recurring beat can be distinguished, is often close to speech in general effect. Accents and rhythmic patterns are grouped in meaningful ways, but without reference to a regular division of time into steady beats.","ParlandoRubato"
"line_11",2048,11,NA,NA,"Irregular meter. No single meter prevails throughout. ","IrregularMeter"
"line_11",512,9,NA,NA,"Complex meter. Here, as with 6 (simple meter), one meter prevails throughout the song. In 9, however, the measure cannot be evenly divided by two or three to form subunits of two or three beats each. ","ComplexMeter"
"line_11",8,3,NA,NA,"One-beat rhythm. A series of equally accented single notes of about the same length.","OneBeat"
"line_11",10240,13,11,NA,"Parlando rubato and irregular meter","ParlandoRubatoAndIrregularMeter"
"line_11",2560,11,9,NA,"Irregular meter and complex meter","IrregularMeterAndComplexMeter"
"line_11",8704,13,9,NA,"Parlando rubato and complex meter","ParlandoRubatoAndComplexMeter"
"line_11",2,1,NA,NA,"Non-occurrence. No singers.","NonOccurence"
"line_11",72,6,3,NA,"Simple meter and one beat","SimpleMeterAndOneBeat"
"line_11",0,0,NA,NA,"No Reading","No Reading"
"line_11",96,6,5,NA,"Simple meter and shortname not found","SimpleMeterAndShortname Not Found"
"line_11",66,6,1,NA,"Simple meter and non occurence","SimpleMeterAndNonOccurence"
"line_11",8256,13,6,NA,"Parlando rubato and simple meter","ParlandoRubatoAndSimpleMeter"
"line_11",2056,11,3,NA,"Irregular meter and one beat","IrregularMeterAndOneBeat"
"line_11",8200,13,3,NA,"Parlando rubato and one beat","ParlandoRubatoAndOneBeat"
"line_12",2,1,NA,NA,"Non-patterned. No rhythmic coherence of any sort. Each individual is independent and does not relate rhythmically to the others. Also, a solo singer.","NonPatterened"
"line_12",8,3,NA,NA,"Rhythmic unison. All voices move together with little or no rhythmic independence. A group may sing in parts and still be in rhythmic unison. All parts follow basically the same rhythm, so that they move together note for note.","RhythmicUnison"
"line_12",512,9,NA,NA,"Simple polyrhythm. All of the parts basically conform to a single pulse. However, there are moments when one of the parts will temporarily deviate from the basic pulse to create a new pulse in conflict with it. ","SimplePolyrhythm"
"line_12",32,5,NA,NA,"Rhythmic heterophony. The singers tend to follow the same rhythmic pattern but one or more singers consistently deviates from the others in some way. Some may be out of phase with and trail the others; some may embellish the melody in an individual manner, or use more or less rubato than the others. They may follow the rhythm in a general way, trailing and catching up between the notes.","RhythmicHeterophony"
"line_12",40,5,3,NA,"Rhythmic heterophony and rhythmic unison","RhythmicHeterophonyAndRhythmicUnison"
"line_12",8192,13,NA,NA,"Rhythmic counterpoint. Two or more rhythmic patterns, equal to and distinct from one another, occur simultaneously within the same rhythmic framework, but without conflict of pulse. ","RhythmicCounterpoint"
"line_12",10240,13,11,NA,"Rhythmic counterpoint and complex polyrhythm","RhythmicCounterpointAndComplexPolyrhythm"
"line_12",128,7,NA,NA,"Accompanying rhythm. The singing group is divided into two or more parts, one of which accompanies the other. The accompanying part has independent rhythmic patterns but these are subordinate to the main part.","AccompanyingRhythm"
"line_12",2048,11,NA,NA,"Complex polyrhythm. Two or more conflicting pulses are heard simultaneously and more or less continuously throughout the song. (For a fuller explanation of 9 and 11, see explanatory note below.)","ComplexPolyrhythm"
"line_12",136,7,3,NA,"Accompanying rhythm and rhythmic unison","AccompanyingRhythmAndRhythmicUnison"
"line_12",10,3,1,NA,"Rhythmic unison and non patterened","RhythmicUnisonAndNonPatterened"
"line_12",160,7,5,NA,"Accompanying rhythm and rhythmic heterophony","AccompanyingRhythmAndRhythmicHeterophony"
"line_12",34,5,1,NA,"Rhythmic heterophony and non patterened","RhythmicHeterophonyAndNonPatterened"
"line_12",8200,13,3,NA,"Rhythmic counterpoint and rhythmic unison","RhythmicCounterpointAndRhythmicUnison"
"line_12",8704,13,9,NA,"Rhythmic counterpoint and simple polyrhythm","RhythmicCounterpointAndSimplePolyrhythm"
"line_12",0,0,NA,NA,"No Reading","No Reading"
"line_12",8224,13,5,NA,"Rhythmic counterpoint and rhythmic heterophony","RhythmicCounterpointAndRhythmicHeterophony"
"line_12",8320,13,7,NA,"Rhythmic counterpoint and accompanying rhythm","RhythmicCounterpointAndAccompanyingRhythm"
"line_13",64,6,NA,NA,"Simple meter. One simple meter (duple, triple, simple, or compound) runs through the whole piece.","SimpleMeter"
"line_13",2,1,NA,NA,"Non-occurrence. No instruments","NonOccurence"
"line_13",2048,11,NA,NA,"Irregular meter. No one meter prevails throughout. A piece that is basically in 3/4, but has one or more measures in 2/4, is coded 11, as well as a piece in which the meter shifts continually from measure to measure—for example, 3/4, 2/4, 3/4, 3/4, 5/4, 3/2, etc.","IrregularMeter"
"line_13",8,3,NA,NA,"One-beat rhythm. A series of equally accented single notes of about the same length.","OneBeat"
"line_13",512,9,NA,NA,"Complex meter. Here, as with 6, one meter prevails throughout the piece, however the measure cannot be evenly divided by two or three to form subunits of two or three beats each.","ComplexMeter"
"line_13",8192,13,NA,NA,"Parlando rubato. Free rhythm in which no regularly recurring beat can be distinguished.","ParlandoRubato"
"line_13",8256,13,6,NA,"Parlando rubato and simple meter","ParlandoRubatoAndSimpleMeter"
"line_13",72,6,3,NA,"Simple meter and one beat","SimpleMeterAndOneBeat"
"line_13",10240,13,11,NA,"Parlando rubato and irregular meter","ParlandoRubatoAndIrregularMeter"
"line_13",8704,13,9,NA,"Parlando rubato and complex meter","ParlandoRubatoAndComplexMeter"
"line_13",2560,11,9,NA,"Irregular meter and complex meter","IrregularMeterAndComplexMeter"
"line_13",10,3,1,NA,"One beat and non occurence","OneBeatAndNonOccurence"
"line_13",0,0,NA,NA,"No Reading","No Reading"
"line_13",66,6,1,NA,"Simple meter and non occurence","SimpleMeterAndNonOccurence"
"line_13",576,9,6,NA,"Complex meter and simple meter","ComplexMeterAndSimpleMeter"
"line_13",520,9,3,NA,"Complex meter and one beat","ComplexMeterAndOneBeat"
"line_13",8200,13,3,NA,"Parlando rubato and one beat","ParlandoRubatoAndOneBeat"
"line_14",512,9,NA,NA,"Simple polyrhythm. All of the parts basically conform to a single pulse. However, there are moments when one of the parts will temporarily deviate from the basic pulse to create a new pulse in conflict with it. The conflict may last a moment or it may resolve itself only after several “measures,” as in much classical Indian music. In any case, this rhythmic conflict must be only temporary.","SimplePolyrhythm"
"line_14",2,1,NA,NA,"No orchestra or non-patterned.","NoOrchestra"
"line_14",8,3,NA,NA,"Rhythmic unison. All instruments move together with little or no rhythmic independence. A group may play in parts and still be in rhythmic unison.","RhythmicUnison"
"line_14",32,5,NA,NA,"Rhythmic heterophony. The instruments tend to follow the same rhythmic pattern, but one or more instruments consistently deviates from the others in some way. Some may be out of phase with and trail the others. Some may embellish the melody in an individual manner, or use more or less rubato (divergence from the strict beat) than others.","RhythmicHeterophony"
"line_14",128,7,NA,NA,"Accompanying rhythm. The instrumental group is divided into two or more parts, one of which accompanies the other. The accompanying part has independent rhythmic patterns, but these are subordinate to the main part. They may be (1) less active rhythmically, (2) less active melodically, (3) softer, or (4) they may occur intermittently. If the accompanying part is equal in importance and rhythmic activity to the main part, so that the accompaniment becomes, in effect, another melody, consider coding 13 (Rc).","AccompanyingRhythm"
"line_14",130,7,1,NA,"Accompanying rhythm and no orchestra","AccompanyingRhythmAndNoOrchestra"
"line_14",2048,11,NA,NA,"Complex polyrhythm. Two or more conflicting pulses are heard simultaneously and more or less continually throughout the song.","ComplexPolyrhythm"
"line_14",2560,11,9,NA,"Complex polyrhythm and simple polyrhythm","ComplexPolyrhythmAndSimplePolyrhythm"
"line_14",10240,13,11,NA,"Rhythmic counterpoint and complex polyrhythm","RhythmicCounterpointAndComplexPolyrhythm"
"line_14",8192,13,NA,NA,"Rhythmic counterpoint. Two or more rhythmic patterns, equal to and distinct from one another, occur simultaneously within the same rhythmic framework but without conflict of pulse. A fugue is an example of this quality, which is also vigorous in folk and indigenous music. The principal feature to watch for is the presence of two or more independent parts active throughout the piece.","RhythmicCounterpoint"
"line_14",160,7,5,NA,"Accompanying rhythm and rhythmic heterophony","AccompanyingRhythmAndRhythmicHeterophony"
"line_14",136,7,3,NA,"Accompanying rhythm and rhythmic unison","AccompanyingRhythmAndRhythmicUnison"
"line_14",10,3,1,NA,"Rhythmic unison and no orchestra","RhythmicUnisonAndNoOrchestra"
"line_14",8704,13,9,NA,"Rhythmic counterpoint and simple polyrhythm","RhythmicCounterpointAndSimplePolyrhythm"
"line_14",40,5,3,NA,"Rhythmic heterophony and rhythmic unison","RhythmicHeterophonyAndRhythmicUnison"
"line_14",0,0,NA,NA,"No Reading","No Reading"
"line_14",34,5,1,NA,"Rhythmic heterophony and no orchestra","RhythmicHeterophonyAndNoOrchestra"
"line_14",2176,11,7,NA,"Complex polyrhythm and accompanying rhythm","ComplexPolyrhythmAndAccompanyingRhythm"
"line_14",2056,11,3,NA,"Complex polyrhythm and rhythmic unison","ComplexPolyrhythmAndRhythmicUnison"
"line_14",8200,13,3,NA,"Rhythmic counterpoint and rhythmic unison","RhythmicCounterpointAndRhythmicUnison"
"line_15",512,9,NA,NA,"Undulating. Most phrases have a wave-like shape. They move up and down through a number of peaks and valleys of varying heights. Also coded here are those rare cases in which the shape of the phrase is predominantly ascending.","Undulating"
"line_15",2,1,NA,NA,"Arched. An arched phrase begins at a certain point, rises in pitch, and then descends. Code at this point only if arched phrases occur prominently, not if the melody as a whole is arched.","Arched"
"line_15",8192,13,NA,NA,"Descending. Most phrases descend gradually or abruptly.","Descending"
"line_15",32,5,NA,NA,"Terraced. The entire melody is characterized by a long descent in pitch, interrupted by periods of leveling off and, in some cases, by incidental rises. The melody begins at a relatively high pitch, moves downward through a phrase or two, and then levels off. The next portion begins at the same pitch level or slightly above it, descending to an even lower point, where it once again levels off. This cascading descent proceeds throughout the song, so that the melody ends on or near its lowest point. A sketch of this kind of melody would resemble a terraced field or a tiled roof.","Terraced"
"line_15",8704,13,9,NA,"Descending and undulating","DescendingAndUndulating"
"line_15",0,0,NA,NA,"No Reading","No Reading"
"line_15",34,5,1,NA,"Terraced and arched","TerracedAndArched"
"line_16",2,1,NA,NA,"Through-composed. A song that has no recognizable litany or strophic pattern, but instead is made up of a series of phrase groups in which consistently repeated sections seldom if ever occur. Not every section of the piece need consist of completely new material; certain melodic motifs may recur throughout, but not in a regularly occurring order. 1 is common in much Asian music as well as in Western art music.","ThroughComposed"
"line_16",8,3,NA,NA,"Complex strophe with little or no variation. 3 is similar to, but more complex than, 6. More is contained within the form than the regular repetition of three to eight phrases.","ComplexStropheLittleVariation"
"line_16",4096,12,NA,NA,"Simple litany. One or two phrases repeated over and over again in the same order with little or no variation: A A A A or AB AB AB AB. Code here even when such a form is preceded by one or two phrases of introduction.","SimpleLitany"
"line_16",1024,10,NA,NA,"Simple litany with a high degree of variation in each repeat.","SimpleLitanyHighVariation"
"line_16",128,7,NA,NA,"Complex litany with a high degree of variation in each section.","ComplexLitanyHighVariation"
"line_16",2048,11,NA,NA,"Simple litany with a moderate amount of variation in each repeat.","SimpleLitanyModerateVariation"
"line_16",64,6,NA,NA,"Simple strophe with little or no variation. A series of three to eight (but not more than eight) phrases which are repeated, phrase by phrase, over and over, with no insertions of new material and no omissions or changes of order.","SimpleStropheLittleVariation"
"line_16",32,5,NA,NA,"Simple strophe with a moderate amount of variation.","SimpleStropheModerateVariation"
"line_16",9216,13,10,NA,"Canonic form and simple litany high variation","CanonicFormAndSimpleLitanyHighVariation"
"line_16",12288,13,12,NA,"Canonic form and simple litany","CanonicFormAndSimpleLitany"
"line_16",512,9,NA,NA,"Complex litany is similar to 12 (simple litany), but involves certain complications. Refer to guide","ComplexLitanyComplexVariation"
"line_16",4,2,NA,NA,"Complex strophe with moderate to great variation.","ComplexStropheModerateVariation"
"line_16",130,7,1,NA,"Complex litany high variation and through composed","ComplexLitanyHighVariationAndThroughComposed"
"line_16",256,8,NA,NA,"Complex litany with a moderate degree of variation in each section.","ComplexLitanyModerateVariation"
"line_16",8192,13,NA,NA,"Canonic or round form. Found only in certain types of polyphonic singing. The music is divided into two or more parts, each of which is rhythmically distinct. Each part is limited to one or two phrases repeated over and over. Simple rounds or canons are included here, and also the hocketing “bell chime” singing common among African Khoisan-speaking Bushmen and hunter-gatherers of Central and Eastern Africa.","CanonicForm"
"line_16",5120,12,10,NA,"Simple litany and simple litany high variation","SimpleLitanyAndSimpleLitanyHighVariation"
"line_16",16,4,NA,NA,"Simple strophe with much variation.","SimpleStropheMuchVariation"
"line_16",0,0,NA,NA,"No Reading","No Reading"
"line_16",10240,13,11,NA,"Canonic form and simple litany moderate variation","CanonicFormAndSimpleLitanyModerateVariation"
"line_16",18,4,1,NA,"Simple strophe much variation and through composed","SimpleStropheMuchVariationAndThroughComposed"
"line_16",132,7,2,NA,"Complex litany high variation and complex strophe moderate variation","ComplexLitanyHighVariationAndComplexStropheModerateVariation"
"line_16",6,2,1,NA,"Complex strophe moderate variation and through composed","ComplexStropheModerateVariationAndThroughComposed"
"line_16",72,6,3,NA,"Simple strophe little variation and complex strophe little variation","SimpleStropheLittleVariationAndComplexStropheLittleVariation"
"line_16",4608,12,9,NA,"Simple litany and complex litany complex variation","SimpleLitanyAndComplexLitanyComplexVariation"
"line_16",4352,12,8,NA,"Simple litany and complex litany moderate variation","SimpleLitanyAndComplexLitanyModerateVariation"
"line_16",144,7,4,NA,"Complex litany high variation and simple strophe much variation","ComplexLitanyHighVariationAndSimpleStropheMuchVariation"
"line_16",40,5,3,NA,"Simple strophe moderate variation and complex strophe little variation","SimpleStropheModerateVariationAndComplexStropheLittleVariation"
"line_16",8448,13,8,NA,"Canonic form and complex litany moderate variation","CanonicFormAndComplexLitanyModerateVariation"
"line_16",192,7,6,NA,"Complex litany high variation and simple strophe little variation","ComplexLitanyHighVariationAndSimpleStropheLittleVariation"
"line_16",136,7,3,NA,"Complex litany high variation and complex strophe little variation","ComplexLitanyHighVariationAndComplexStropheLittleVariation"
"line_16",1536,10,9,NA,"Simple litany high variation and complex litany complex variation","SimpleLitanyHighVariationAndComplexLitanyComplexVariation"
"line_16",768,9,8,NA,"Complex litany complex variation and complex litany moderate variation","ComplexLitanyComplexVariationAndComplexLitanyModerateVariation"
"line_16",36,5,2,NA,"Simple strophe moderate variation and complex strophe moderate variation","SimpleStropheModerateVariationAndComplexStropheModerateVariation"
"line_16",160,7,5,NA,"Complex litany high variation and simple strophe moderate variation","ComplexLitanyHighVariationAndSimpleStropheModerateVariation"
"line_16",8704,13,9,NA,"Canonic form and complex litany complex variation","CanonicFormAndComplexLitanyComplexVariation"
"line_16",146,7,4,1,"Complex litany high variation and simple strophe much variation and through composed","ComplexLitanyHighVariationAndSimpleStropheMuchVariationAndThroughComposed"
"line_16",66,6,1,NA,"Simple strophe little variation and through composed","SimpleStropheLittleVariationAndThroughComposed"
"line_16",2560,11,9,NA,"Simple litany moderate variation and complex litany complex variation","SimpleLitanyModerateVariationAndComplexLitanyComplexVariation"
"line_16",14,3,2,1,"Complex strophe little variation and complex strophe moderate variation and through composed","ComplexStropheLittleVariationAndComplexStropheModerateVariationAndThroughComposed"
"line_16",3072,11,10,NA,"Simple litany moderate variation and simple litany high variation","SimpleLitanyModerateVariationAndSimpleLitanyHighVariation"
"line_16",2050,11,1,NA,"Simple litany moderate variation and through composed","SimpleLitanyModerateVariationAndThroughComposed"
"line_16",1026,10,1,NA,"Simple litany high variation and through composed","SimpleLitanyHighVariationAndThroughComposed"
"line_16",8208,13,4,NA,"Canonic form and simple strophe much variation","CanonicFormAndSimpleStropheMuchVariation"
"line_16",8194,13,1,NA,"Canonic form and through composed","CanonicFormAndThroughComposed"
"line_16",4098,12,1,NA,"Simple litany and through composed","SimpleLitanyAndThroughComposed"
"line_16",260,8,2,NA,"Complex litany moderate variation and complex strophe moderate variation","ComplexLitanyModerateVariationAndComplexStropheModerateVariation"
"line_16",1056,10,5,NA,"Simple litany high variation and simple strophe moderate variation","SimpleLitanyHighVariationAndSimpleStropheModerateVariation"
"line_17",16,4,NA,NA,"Long phrases. An intermediate point between medium phrase lengths and very long phrases (10-15 seconds).","LongPhrases"
"line_17",2,1,NA,NA,"Very long phrases. Phrases that seem to run to the limit or beyond the limit of a singer’s breath capacity (16+ seconds).","VeryLongPhrases"
"line_17",1024,10,NA,NA,"Short phrases. (3-4 seconds).","ShortPhrases"
"line_17",130,7,1,NA,"Medium phrases and very long phrases","MediumPhrasesAndVeryLongPhrases"
"line_17",128,7,NA,NA,"Medium phrases. Normal for the familiar English ballad type (5-9 seconds).","MediumPhrases"
"line_17",8192,13,NA,NA," Very short phrases. (1-2 seconds).","VeryShortPhrases"
"line_17",18,4,1,NA,"Long phrases and very long phrases","LongPhrasesAndVeryLongPhrases"
"line_17",1040,10,4,NA,"Short phrases and long phrases","ShortPhrasesAndLongPhrases"
"line_17",144,7,4,NA,"Medium phrases and long phrases","MediumPhrasesAndLongPhrases"
"line_17",9216,13,10,NA,"Very short phrases and short phrases","VeryShortPhrasesAndShortPhrases"
"line_17",1152,10,7,NA,"Short phrases and medium phrases","ShortPhrasesAndMediumPhrases"
"line_17",0,0,NA,NA,"No Reading","No Reading"
"line_17",146,7,4,1,"Medium phrases and long phrases and very long phrases","MediumPhrasesAndLongPhrasesAndVeryLongPhrases"
"line_17",8320,13,7,NA,"Very short phrases and medium phrases","VeryShortPhrasesAndMediumPhrases"
"line_17",8208,13,4,NA,"Very short phrases and long phrases","VeryShortPhrasesAndLongPhrases"
"line_17",1026,10,1,NA,"Short phrases and very long phrases","ShortPhrasesAndVeryLongPhrases"
"line_18",2,1,NA,NA,"There are more than eight phrases before a full repeat.","MoreThanEightPhrases"
"line_18",512,9,NA,NA,"Three or six phrases, symmetrically arranged.","ThreeSixPhrasesSymmetrical"
"line_18",8192,13,NA,NA," One or two phrases, symmetrically arranged.","OneTwoPhrasesSymmetrical"
"line_18",2048,11,NA,NA,"Two phrases asymmetrically arranged.","TwoPhrasesAsymmetrical"
"line_18",32,5,NA,NA,"There are four or eight phrases, asymmetrically arranged.","FourEightPhrasesAsymmetrical"
"line_18",256,8,NA,NA,"Three or six phrases, asymmetrically arranged.","ThreeSixPhrasesAsymmetrical"
"line_18",64,6,NA,NA,"Four or eight phrases symmetrically arranged. All phrases are approximately the same length.","FourEightPhrasesSymmerical"
"line_18",8704,13,9,NA,"One two phrases symmetrical and three six phrases symmetrical","OneTwoPhrasesSymmetricalAndThreeSixPhrasesSymmetrical"
"line_18",8,3,NA,NA,"There are five or seven phrases before a full repeat.","FiveSevenPhrases"
"line_18",8448,13,8,NA,"One two phrases symmetrical and three six phrases asymmetrical","OneTwoPhrasesSymmetricalAndThreeSixPhrasesAsymmetrical"
"line_18",10240,13,11,NA,"One two phrases symmetrical and two phrases asymmetrical","OneTwoPhrasesSymmetricalAndTwoPhrasesAsymmetrical"
"line_18",2304,11,8,NA,"Two phrases asymmetrical and three six phrases asymmetrical","TwoPhrasesAsymmetricalAndThreeSixPhrasesAsymmetrical"
"line_18",768,9,8,NA,"Three six phrases symmetrical and three six phrases asymmetrical","ThreeSixPhrasesSymmetricalAndThreeSixPhrasesAsymmetrical"
"line_18",2560,11,9,NA,"Two phrases asymmetrical and three six phrases symmetrical","TwoPhrasesAsymmetricalAndThreeSixPhrasesSymmetrical"
"line_18",34,5,1,NA,"Four eight phrases asymmetrical and more than eight phrases","FourEightPhrasesAsymmetricalAndMoreThanEightPhrases"
"line_18",40,5,3,NA,"Four eight phrases asymmetrical and five seven phrases","FourEightPhrasesAsymmetricalAndFiveSevenPhrases"
"line_18",0,0,NA,NA,"No Reading","No Reading"
"line_18",8194,13,1,NA,"One two phrases symmetrical and more than eight phrases","OneTwoPhrasesSymmetricalAndMoreThanEightPhrases"
"line_18",2050,11,1,NA,"Two phrases asymmetrical and more than eight phrases","TwoPhrasesAsymmetricalAndMoreThanEightPhrases"
"line_18",8224,13,5,NA,"One two phrases symmetrical and four eight phrases asymmetrical","OneTwoPhrasesSymmetricalAndFourEightPhrasesAsymmetrical"
"line_18",8256,13,6,NA,"One two phrases symmetrical and four eight phrases symmerical","OneTwoPhrasesSymmetricalAndFourEightPhrasesSymmerical"
"line_18",258,8,1,NA,"Three six phrases asymmetrical and more than eight phrases","ThreeSixPhrasesAsymmetricalAndMoreThanEightPhrases"
"line_19",2048,11,NA,NA,"The final tone falls within the upper half of the total range.","UpperHalf"
"line_19",16,4,NA,NA,"The final tone falls within the lower half of the total range.","LowerHalf"
"line_19",2,1,NA,NA,"The final tone is the lowest note of the song.","LowestNote"
"line_19",512,9,NA,NA,"The final tone is located at or near the midpoint of the total range.","Midpoint"
"line_19",8192,13,NA,NA,"The final tone is the highest note of the song.","HighestNote"
"line_19",8194,13,1,NA,"Highest note and lowest note","HighestNoteAndLowestNote"
"line_19",18,4,1,NA,"Lower half and lowest note","LowerHalfAndLowestNote"
"line_19",2560,11,9,NA,"Upper half and midpoint","UpperHalfAndMidpoint"
"line_19",8704,13,9,NA,"Highest note and midpoint","HighestNoteAndMidpoint"
"line_19",10240,13,11,NA,"Highest note and upper half","HighestNoteAndUpperHalf"
"line_19",0,0,NA,NA,"No Reading","No Reading"
"line_19",2050,11,1,NA,"Upper half and lowest note","UpperHalfAndLowestNote"
"line_19",514,9,1,NA,"Midpoint and lowest note","MidpointAndLowestNote"
"line_19",8208,13,4,NA,"Highest note and lower half","HighestNoteAndLowerHalf"
"line_20",128,7,NA,NA,"A minor sixth to an octave.","MinorSixthOctave"
"line_20",16,4,NA,NA,"A minor third to a perfect fifth.","MinorThirdPerfectFifth"
"line_20",1024,10,NA,NA,"A minor ninth to a major fourteenth.","MinorNinthMajorFourteenth"
"line_20",2,1,NA,NA,"A monotone to a major second.","MonotoneMajorSecond"
"line_20",8192,13,NA,NA,"Two octaves or more.","TwoOctavesOrMore"
"line_20",0,0,NA,NA,"No Reading","No Reading"
"line_20",18,4,1,NA,"Minor third perfect fifth and monotone major second","MinorThirdPerfectFifthAndMonotoneMajorSecond"
"line_20",144,7,4,NA,"Minor sixth octave and minor third perfect fifth","MinorSixthOctaveAndMinorThirdPerfectFifth"
"line_20",130,7,1,NA,"Minor sixth octave and monotone major second","MinorSixthOctaveAndMonotoneMajorSecond"
"line_20",9216,13,10,NA,"Two octaves or more and minor ninth major fourteenth","TwoOctavesOrMoreAndMinorNinthMajorFourteenth"
"line_21",1024,10,NA,NA,"Large intervals. Intervals of a third occur more frequently than other intervals.","LargeIntervals"
"line_21",16,4,NA,NA,"Narrow intervals. Intervals of a half step or less are prominent (though not necessarily predominant) in the song.","NarrowIntervals"
"line_21",128,7,NA,NA,"Diatonic intervals. Diatonic melodies where whole step predominates.","DiatonicIntervals"
"line_21",8192,13,NA,NA,"Very large intervals. Intervals of a fourth and a fifth or larger predominate.","VeryLargeIntervals"
"line_21",2,1,NA,NA,"Monotone. No intervals occur. The song remains on approximately one pitch. A polyphonic song would be coded “monotone” if each part stays at the same pitch level.","Monotone"
"line_21",18,4,1,NA,"Narrow intervals and monotone","NarrowIntervalsAndMonotone"
"line_21",144,7,4,NA,"Diatonic intervals and narrow intervals","DiatonicIntervalsAndNarrowIntervals"
"line_21",130,7,1,NA,"Diatonic intervals and monotone","DiatonicIntervalsAndMonotone"
"line_21",9216,13,10,NA,"Very large intervals and large intervals","VeryLargeIntervalsAndLargeIntervals"
"line_21",146,7,4,1,"Diatonic intervals and narrow intervals and monotone","DiatonicIntervalsAndNarrowIntervalsAndMonotone"
"line_21",0,0,NA,NA,"No Reading","No Reading"
"line_21",8194,13,1,NA,"Very large intervals and monotone","VeryLargeIntervalsAndMonotone"
"line_21",1040,10,4,NA,"Large intervals and narrow intervals","LargeIntervalsAndNarrowIntervals"
"line_22",2,1,NA,NA,"No polyphony.","NoPolyphony"
"line_22",8192,13,NA,NA,"Counterpoint. Two or more parts that are rhythmically and melodically independent. In all other cases except drone polyphony, the parts move together rhythmically. In counterpoint, as distinct from the drone, the parts are active melodically. 13 is coded when at least two parts are rhythmically active and contrastive.","Counterpoint"
"line_22",256,8,NA,NA,"Parallel chords. Two or more parts moving parallel to one another at pitch intervals other than the octave or unison. Parallel means that the parts move in the same direction. The distance between the parts does not have to be maintained at exactly the same interval throughout, as long as the general movement is parallel.","ParallelChords"
"line_22",8,3,NA,NA,"Drone polyphony. One or more tones are held or repeated while the melody follows its own course. The drone part or parts need not necessarily remain on the same level throughout the song. The pitch of the drone can be shifted, while another part moves freely around it. Do not code drone polyphony when the drone effect is only a transitory one.","DronePolyphony"
"line_22",64,6,NA,NA,"Isolated chords. Chords occurring in a texture that is basically unison—chords that appear in a song otherwise sung in unison. Two different chords rarely succeed one another. In some cases, there may be only one chord in each section. If this chord tends to recur at the same point in each repetition, the song is coded 6. If not, the song is not considered polyphonic.","IsolateChords"
"line_22",8448,13,8,NA,"Counterpoint and parallel chords","CounterpointAndParallelChords"
"line_22",9216,13,10,NA,"Counterpoint and harmony","CounterpointAndHarmony"
"line_22",1024,10,NA,NA,"Harmony. Contrary motion occurs. Some parts move downward while others move upward. This may also happen within the general context of parallel movement. As long as there is some significant amount of contrary motion, 10 can be coded.","Harmony"
"line_22",72,6,3,NA,"Isolate chords and drone polyphony","IsolateChordsAndDronePolyphony"
"line_22",66,6,1,NA,"Isolate chords and no polyphony","IsolateChordsAndNoPolyphony"
"line_22",10,3,1,NA,"Drone polyphony and no polyphony","DronePolyphonyAndNoPolyphony"
"line_22",1280,10,8,NA,"Harmony and parallel chords","HarmonyAndParallelChords"
"line_22",0,0,NA,NA,"No Reading","No Reading"
"line_22",258,8,1,NA,"Parallel chords and no polyphony","ParallelChordsAndNoPolyphony"
"line_22",264,8,3,NA,"Parallel chords and drone polyphony","ParallelChordsAndDronePolyphony"
"line_22",1026,10,1,NA,"Harmony and no polyphony","HarmonyAndNoPolyphony"
"line_22",8200,13,3,NA,"Counterpoint and drone polyphony","CounterpointAndDronePolyphony"
"line_22",320,8,6,NA,"Parallel chords and isolate chords","ParallelChordsAndIsolateChords"
"line_22",1032,10,3,NA,"Harmony and drone polyphony","HarmonyAndDronePolyphony"
"line_23",2,1,NA,NA,"Extreme embellishment.","ExtremeEmbeillishment"
"line_23",1024,10,NA,NA,"Slight embellishment.","SlightEmbellishment"
"line_23",8192,13,NA,NA,"Little or no embellishment.","LittleOrNoEmbellishment"
"line_23",16,4,NA,NA,"Much embellishment.","MuchEmbeillishment"
"line_23",128,7,NA,NA,"Medium or considerable embellishment.","MediumEmbellishment"
"line_23",130,7,1,NA,"Medium embellishment and extreme embeillishment","MediumEmbellishmentAndExtremeEmbeillishment"
"line_23",8208,13,4,NA,"Little or no embellishment and much embeillishment","LittleOrNoEmbellishmentAndMuchEmbeillishment"
"line_23",144,7,4,NA,"Medium embellishment and much embeillishment","MediumEmbellishmentAndMuchEmbeillishment"
"line_23",0,0,NA,NA,"No Reading","No Reading"
"line_23",9216,13,10,NA,"Little or no embellishment and slight embellishment","LittleOrNoEmbellishmentAndSlightEmbellishment"
"line_23",8320,13,7,NA,"Little or no embellishment and medium embellishment","LittleOrNoEmbellishmentAndMediumEmbellishment"
"line_23",1026,10,1,NA,"Slight embellishment and extreme embeillishment","SlightEmbellishmentAndExtremeEmbeillishment"
"line_23",8194,13,1,NA,"Little or no embellishment and extreme embeillishment","LittleOrNoEmbellishmentAndExtremeEmbeillishment"
"line_24",10,3,1,NA,"Quite slow and very slow","QuiteSlowAndVerySlow"
"line_24",8,3,NA,NA,"Quite slow.","QuiteSlow"
"line_24",2048,11,NA,NA,"Fast.","Fast"
"line_24",8192,13,NA,NA,"Very fast.","VeryFast"
"line_24",32,5,NA,NA,"Slow","Slow"
"line_24",2,1,NA,NA,"Very slow.","VerySlow"
"line_24",512,9,NA,NA,"Moderate tempo.","ModerateTempo"
"line_24",2560,11,9,NA,"Fast and moderate tempo","FastAndModerateTempo"
"line_24",8704,13,9,NA,"Very fast and moderate tempo","VeryFastAndModerateTempo"
"line_24",40,5,3,NA,"Slow and quite slow","SlowAndQuiteSlow"
"line_24",544,9,5,NA,"Moderate tempo and slow","ModerateTempoAndSlow"
"line_24",0,0,NA,NA,"No Reading","No Reading"
"line_24",10240,13,11,NA,"Very fast and fast","VeryFastAndFast"
"line_24",2080,11,5,NA,"Fast and slow","FastAndSlow"
"line_24",34,5,1,NA,"Slow and very slow","SlowAndVerySlow"
"line_24",520,9,3,NA,"Moderate tempo and quite slow","ModerateTempoAndQuiteSlow"
"line_24",2056,11,3,NA,"Fast and quite slow","FastAndQuiteSlow"
"line_24",514,9,1,NA,"Moderate tempo and very slow","ModerateTempoAndVerySlow"
"line_25",128,7,NA,NA,"Mid-volume.","MidVolume"
"line_25",16,4,NA,NA,"Soft","Soft"
"line_25",9216,13,10,NA,"Very loud and loud","VeryLoudAndLoud"
"line_25",8192,13,NA,NA,"Very loud.","VeryLoud"
"line_25",1024,10,NA,NA,"Loud","Loud"
"line_25",2,1,NA,NA,"Very soft.","VerySoft"
"line_25",144,7,4,NA,"Mid volume and soft","MidVolumeAndSoft"
"line_25",130,7,1,NA,"Mid volume and very soft","MidVolumeAndVerySoft"
"line_25",1028,10,2,NA,"Loud and shortname not found","LoudAndShortname Not Found"
"line_25",18,4,1,NA,"Soft and very soft","SoftAndVerySoft"
"line_25",0,0,NA,NA,"No Reading","No Reading"
"line_25",1040,10,4,NA,"Loud and soft","LoudAndSoft"
"line_25",1154,10,7,1,"Loud and mid volume and very soft","LoudAndMidVolumeAndVerySoft"
"line_25",1152,10,7,NA,"Loud and mid volume","LoudAndMidVolume"
"line_25",8320,13,7,NA,"Very loud and mid volume","VeryLoudAndMidVolume"
"line_25",8208,13,4,NA,"Very loud and soft","VeryLoudAndSoft"
"line_26",2,1,NA,NA,"Extreme rubato. If there is no beat, and the piece has already been coded 13 (Free rhythm) on Line 11 (Overall vocal rhythm), 1 is automatically coded.","ExtremeRubato"
"line_26",8192,13,NA,NA,"No rubato. Strict conformity to the beat.","NoRubato"
"line_26",32,5,NA,NA,"Much rubato.","MuchRubato"
"line_26",512,9,NA,NA,"Some rubato. A small amount of freedom—for example, if pauses of irregular length occur between sections or stanzas of the melody.","SomeRubato"
"line_26",34,5,1,NA,"Much rubato and extreme rubato","MuchRubatoAndExtremeRubato"
"line_26",514,9,1,NA,"Some rubato and extreme rubato","SomeRubatoAndExtremeRubato"
"line_26",8194,13,1,NA,"No rubato and extreme rubato","NoRubatoAndExtremeRubato"
"line_26",8704,13,9,NA,"No rubato and some rubato","NoRubatoAndSomeRubato"
"line_26",8224,13,5,NA,"No rubato and much rubato","NoRubatoAndMuchRubato"
"line_26",0,0,NA,NA,"No Reading","No Reading"
"line_26",544,9,5,NA,"Some rubato and much rubato","SomeRubatoAndMuchRubato"
"line_27",8192,13,NA,NA,"No rubato.","NoRubato"
"line_27",512,9,NA,NA,"Some rubato.","SomeRubato"
"line_27",32,5,NA,NA,"Much rubato.","MuchRubato"
"line_27",2,1,NA,NA,"Extreme rubato.","ExtremeRubato"
"line_27",8194,13,1,NA,"No rubato and extreme rubato","NoRubatoAndExtremeRubato"
"line_27",34,5,1,NA,"Much rubato and extreme rubato","MuchRubatoAndExtremeRubato"
"line_27",8704,13,9,NA,"No rubato and some rubato","NoRubatoAndSomeRubato"
"line_27",0,0,NA,NA,"No Reading","No Reading"
"line_28",32,5,NA,NA,"Prominent glissando.","ProminentGlissando"
"line_28",2,1,NA,NA,"Maximal glissando. Glissando is extremely prominent.","MaximalGlissando"
"line_28",512,9,NA,NA,"Some glissando.","SomeGlissando"
"line_28",8192,13,NA,NA,"Little or no glissando.","LittleOrNoGlissando"
"line_28",8704,13,9,NA,"Little or no glissando and some glissando","LittleOrNoGlissandoAndSomeGlissando"
"line_28",544,9,5,NA,"Some glissando and prominent glissando","SomeGlissandoAndProminentGlissando"
"line_28",0,0,NA,NA,"No Reading","No Reading"
"line_28",8224,13,5,NA,"Little or no glissando and prominent glissando","LittleOrNoGlissandoAndProminentGlissando"
"line_28",8194,13,1,NA,"Little or no glissando and maximal glissando","LittleOrNoGlissandoAndMaximalGlissando"
"line_29",128,7,NA,NA,"Some melisma. Some of the pitch changes are unarticulated.","SomeMelisma"
"line_29",2,1,NA,NA,"Much melisma. Most of the pitch changes are unarticulated.","MuchMelisma"
"line_29",8192,13,NA,NA,"Little or no melisma. Syllabic: All of the pitch changes are articulated in separate syllables.","LittleOrNoMelisma"
"line_29",0,0,NA,NA,"No Reading","No Reading"
"line_29",130,7,1,NA,"Some melisma and much melisma","SomeMelismaAndMuchMelisma"
"line_29",8320,13,7,NA,"Little or no melisma and some melisma","LittleOrNoMelismaAndSomeMelisma"
"line_29",8194,13,1,NA,"Little or no melisma and much melisma","LittleOrNoMelismaAndMuchMelisma"
"line_30",2,1,NA,NA,"Much tremolo. Tremolo is heavy throughout the song.","MuchTremolo"
"line_30",16,4,NA,NA,"Moderate tremolo.","ModerateTremolo."
"line_30",128,7,NA,NA,"Some tremolo. Tremolo is present and noticeable, but relatively slight.","SomeTremolo"
"line_30",9216,13,10,NA,"Little tremolo and slight tremolo","LittleTremoloAndSlightTremolo"
"line_30",8192,13,NA,NA,"Little or no tremolo","LittleTremolo"
"line_30",1024,10,NA,NA,"Slight tremolo.","SlightTremolo"
"line_30",130,7,1,NA,"Some tremolo and much tremolo","SomeTremoloAndMuchTremolo"
"line_30",144,7,4,NA,"Some tremolo and moderate tremolo.","SomeTremoloAndModerateTremolo."
"line_30",18,4,1,NA,"Moderate tremolo.and much tremolo","ModerateTremolo.AndMuchTremolo"
"line_30",0,0,NA,NA,"No Reading","No Reading"
"line_30",1026,10,1,NA,"Slight tremolo and much tremolo","SlightTremoloAndMuchTremolo"
"line_30",8208,13,4,NA,"Little tremolo and moderate tremolo.","LittleTremoloAndModerateTremolo."
"line_30",8320,13,7,NA,"Little tremolo and some tremolo","LittleTremoloAndSomeTremolo"
"line_30",8194,13,1,NA,"Little tremolo and much tremolo","LittleTremoloAndMuchTremolo"
"line_30",1152,10,7,NA,"Slight tremolo and some tremolo","SlightTremoloAndSomeTremolo"
"line_30",1040,10,4,NA,"Slight tremolo and moderate tremolo.","SlightTremoloAndModerateTremolo."
"line_31",2,1,NA,NA,"Much glottal. Strongly characterized by glottal activity.","MuchGlottal"
"line_31",8192,13,NA,NA,"Little or no glottal. Little or no glottal activity.","LittleOrNoGlottal"
"line_31",128,7,NA,NA,"Some glottal. Glottal activity present and noticeable.","SomeGlottal"
"line_31",0,0,NA,NA,"No Reading","No Reading"
"line_31",130,7,1,NA,"Some glottal and much glottal","SomeGlottalAndMuchGlottal"
"line_31",8320,13,7,NA,"Little or no glottal and some glottal","LittleOrNoGlottalAndSomeGlottal"
"line_31",8194,13,1,NA,"Little or no glottal and much glottal","LittleOrNoGlottalAndMuchGlottal"
"line_32",2,1,NA,NA,"Very high. Usually falsetto in men.","VeryHigh"
"line_32",1024,10,NA,NA,"Low. Usually sung “in the chest.”","Low"
"line_32",130,7,1,NA,"Mid voice and very high","MidVoiceAndVeryHigh"
"line_32",128,7,NA,NA,"Mid-voice.","MidVoice"
"line_32",16,4,NA,NA,"High. Usually head register.","HighestNote"
"line_32",144,7,4,NA,"Mid voice and highest note","MidVoiceAndHighestNote"
"line_32",9216,13,10,NA,"Very low and low","VeryLowAndLow"
"line_32",8192,13,NA,NA,"Very low. The singer is probably producing their lowest tone.","VeryLow"
"line_32",8194,13,1,NA,"Very low and very high","VeryLowAndVeryHigh"
"line_32",18,4,1,NA,"Highest note and very high","HighestNoteAndVeryHigh"
"line_32",1040,10,4,NA,"Low and highest note","LowAndHighestNote"
"line_32",1152,10,7,NA,"Low and mid voice","LowAndMidVoice"
"line_32",0,0,NA,NA,"No Reading","No Reading"
"line_32",146,7,4,1,"Mid voice and highest note and very high","MidVoiceAndHighestNoteAndVeryHigh"
"line_32",1026,10,1,NA,"Low and very high","LowAndVeryHigh"
"line_32",1168,10,7,4,"Low and mid voice and highest note","LowAndMidVoiceAndHighestNote"
"line_32",8208,13,4,NA,"Very low and highest note","VeryLowAndHighestNote"
"line_32",8320,13,7,NA,"Very low and mid voice","VeryLowAndMidVoice"
"line_33",2,1,NA,NA,"Very narrow. The narrowest, squeezed, thin, and tense voices. The vocal cavities are narrowed and constricted by raising the glottis, raising the tongue and pulling it back, and tensing the muscles in the throat.","VeryNarrow"
"line_33",8,3,NA,NA,"Narrow. A markedly squeezed, narrow, and tense voice.","Narrow"
"line_33",72,6,3,NA,"Speaking and narrow","SpeakingAndNarrow"
"line_33",64,6,NA,NA,"Speaking. Medium width, neither narrow and tense nor wide and relaxed, this voice often has a speech-like quality.","Speaking"
"line_33",256,8,NA,NA,"Wide. A relaxed, open-throated voice, usually evincing a considerable amount of resonance. This latter quality can be obscured by nasalization, which can be produced simultaneously.","Wide"
"line_33",1024,10,NA,NA,"Very wide. A wide-open, resonant, often ringing or liquid voice","VeryWide"
"line_33",9216,13,10,NA,"Yodel and very wide","YodelAndVeryWide"
"line_33",8192,13,NA,NA,"Yodel. A distinctively liquid, wide-open, extremely relaxed way of singing. It is often, but not necessarily, characterized by quick, wide, and seemingly effortless leaps in pitch that pass from chesty tone to falsetto, or head tone, and back again.","Yodel"
"line_33",8448,13,8,NA,"Yodel and wide","YodelAndWide"
"line_33",66,6,1,NA,"Speaking and very narrow","SpeakingAndVeryNarrow"
"line_33",1280,10,8,NA,"Very wide and wide","VeryWideAndWide"
"line_33",10,3,1,NA,"Narrow and very narrow","NarrowAndVeryNarrow"
"line_33",320,8,6,NA,"Wide and speaking","WideAndSpeaking"
"line_33",0,0,NA,NA,"No Reading","No Reading"
"line_33",264,8,3,NA,"Wide and narrow","WideAndNarrow"
"line_33",8256,13,6,NA,"Yodel and speaking","YodelAndSpeaking"
"line_33",1088,10,6,NA,"Very wide and speaking","VeryWideAndSpeaking"
"line_33",9224,13,10,3,"Yodel and very wide and narrow","YodelAndVeryWideAndNarrow"
"line_33",1032,10,3,NA,"Very wide and narrow","VeryWideAndNarrow"
"line_34",16,4,NA,NA,"Marked nasalization. Marked nasalization, with definite but not extreme nasality running throughout the performance.","MarkedNasalization"
"line_34",2,1,NA,NA,"Extreme nasalization. Strongly nasalized throughout the performance.","ExtremeNasalization"
"line_34",128,7,NA,NA,"Intermittent nasalization. Nasality that occurs irregularly but clearly in the voice, as is frequently the case with singers of sub-Saharan African origin. This is the midpoint in the line and may be coded for songs that seem to be neither marked nor slight in their degree of nasality.","IntermittentNasalization"
"line_34",1024,10,NA,NA,"Slight nasalization. Occasional touches of nasalization that do not occur in relationship to nasal consonants. This situation is encountered, for example, in the singing of many groups of Central Europe.
","SlightNasalization"
"line_34",8192,13,NA,NA,"Little or no nasalization. Where nasalization occurs only in connection with nasal consonants, or where nasal consonants tend to be eliminated and little or no nasalization is heard.","LittleOrNoNasalization"
"line_34",144,7,4,NA,"Intermittent nasalization and marked nasalization","IntermittentNasalizationAndMarkedNasalization"
"line_34",130,7,1,NA,"Intermittent nasalization and extreme nasalization","IntermittentNasalizationAndExtremeNasalization"
"line_34",0,0,NA,NA,"No Reading","No Reading"
"line_34",1040,10,4,NA,"Slight nasalization and marked nasalization","SlightNasalizationAndMarkedNasalization"
"line_34",18,4,1,NA,"Marked nasalization and extreme nasalization","MarkedNasalizationAndExtremeNasalization"
"line_34",146,7,4,1,"Intermittent nasalization and marked nasalization and extreme nasalization","IntermittentNasalizationAndMarkedNasalizationAndExtremeNasalization"
"line_34",9216,13,10,NA,"Little or no nasalization and slight nasalization","LittleOrNoNasalizationAndSlightNasalization"
"line_34",8320,13,7,NA,"Little or no nasalization and intermittent nasalization","LittleOrNoNasalizationAndIntermittentNasalization"
"line_34",8208,13,4,NA,"Little or no nasalization and marked nasalization","LittleOrNoNasalizationAndMarkedNasalization"
"line_34",1026,10,1,NA,"Slight nasalization and extreme nasalization","SlightNasalizationAndExtremeNasalization"
"line_35",16,4,NA,NA,"Great rasp. Pronounced rasp, but less strident than above.","GreatRasp"
"line_35",2,1,NA,NA,"Extreme rasp. A markedly strident, hoarse, or grating singing voice.","ExtremeRasp"
"line_35",128,7,NA,NA,"Intermittent rasp. Intermittent, or moderate and steady rasp.","IntermittentRasp"
"line_35",1024,10,NA,NA,"Slight rasp. Perceptible touches of rasp.","SlightRasp"
"line_35",8192,13,NA,NA,"None. Voices lack rasp.","None"
"line_35",144,7,4,NA,"Intermittent rasp and great rasp","IntermittentRaspAndGreatRasp"
"line_35",130,7,1,NA,"Intermittent rasp and extreme rasp","IntermittentRaspAndExtremeRasp"
"line_35",18,4,1,NA,"Great rasp and extreme rasp","GreatRaspAndExtremeRasp"
"line_35",1026,10,1,NA,"Slight rasp and extreme rasp","SlightRaspAndExtremeRasp"
"line_35",0,0,NA,NA,"No Reading","No Reading"
"line_35",9216,13,10,NA,"None and slight rasp","NoneAndSlightRasp"
"line_35",146,7,4,1,"Intermittent rasp and great rasp and extreme rasp","IntermittentRaspAndGreatRaspAndExtremeRasp"
"line_35",8208,13,4,NA,"None and great rasp","NoneAndGreatRasp"
"line_36",128,7,NA,NA,"Moderate accent, a moderate stress falling along the main beat pattern of the meter, clearly outlining but not exaggerating it.","ModerateAccent"
"line_36",2,1,NA,NA,"Very forceful accent, with powerful stresses falling on many notes.","VeryForcefulAccent"
"line_36",1024,10,NA,NA,"Relaxed accent, a relaxed handling of the accent pattern.","RelaxedAccent"
"line_36",8192,13,NA,NA,"Very relaxed, absence of clear stresses, such that a flowing, sometimes understated, melodic line is produced.","VeryRelaxed"
"line_36",16,4,NA,NA,"Forceful accent, with strong accents falling on the main pulses of the meter.","ForcefulAccent"
"line_36",144,7,4,NA,"Moderate accent and forceful accent","ModerateAccentAndForcefulAccent"
"line_36",130,7,1,NA,"Moderate accent and very forceful accent","ModerateAccentAndVeryForcefulAccent"
"line_36",1026,10,1,NA,"Relaxed accent and very forceful accent","RelaxedAccentAndVeryForcefulAccent"
"line_36",18,4,1,NA,"Forceful accent and very forceful accent","ForcefulAccentAndVeryForcefulAccent"
"line_36",9216,13,10,NA,"Very relaxed and relaxed accent","VeryRelaxedAndRelaxedAccent"
"line_36",0,0,NA,NA,"No Reading","No Reading"
"line_36",1040,10,4,NA,"Relaxed accent and forceful accent","RelaxedAccentAndForcefulAccent"
"line_36",8208,13,4,NA,"Very relaxed and forceful accent","VeryRelaxedAndForcefulAccent"
"line_36",8320,13,7,NA,"Very relaxed and moderate accent","VeryRelaxedAndModerateAccent"
"line_37",16,4,NA,NA,"Precise enunciation. Clearly articulated consonants in sung texts. Here one listens to the whole consonantal range and makes certain that all consonants are easily discernible.","PreciseEnunciation"
"line_37",128,7,NA,NA,"Moderate enunciation. A moderate degree of enunciation.","ModerateEnunciation"
"line_37",1024,10,NA,NA,"Softened enunciation. Consonants are hard to distinguish and syllables are run together to some degree.","SoftenedEnunciation"
"line_37",8192,13,NA,NA,"Very softened enunciation. Situations in which consonants are absent or nearly absent from the text, and/or in which syllables are run together.","VerySoftenedEnunciation"
"line_37",2,1,NA,NA,"Very precise enunciation. Highly articulated consonants and syllables. This is generally typical of the storytelling singers of Eurasian polities.","VeryPreciseEnunciation"
"line_37",9216,13,10,NA,"Very softened enunciation and softened enunciation","VerySoftenedEnunciationAndSoftenedEnunciation"
"line_37",1152,10,7,NA,"Softened enunciation and moderate enunciation","SoftenedEnunciationAndModerateEnunciation"
"line_37",144,7,4,NA,"Moderate enunciation and precise enunciation","ModerateEnunciationAndPreciseEnunciation"
"line_37",18,4,1,NA,"Precise enunciation and very precise enunciation","PreciseEnunciationAndVeryPreciseEnunciation"
"line_37",130,7,1,NA,"Moderate enunciation and very precise enunciation","ModerateEnunciationAndVeryPreciseEnunciation"
"line_37",0,0,NA,NA,"No Reading","No Reading"
"line_37",8208,13,4,NA,"Very softened enunciation and precise enunciation","VerySoftenedEnunciationAndPreciseEnunciation"
"line_37",8320,13,7,NA,"Very softened enunciation and moderate enunciation","VerySoftenedEnunciationAndModerateEnunciation"
